{"social_media_engagement_rate": [0.19333333333333333, 0.19, 0.1951388888888889, 0.18880597014925374, 0.19256756756756757, 0.19142857142857142, 0.18943661971830986], "paid_search_conversion_rate": [0.1, 0.1, 0.11666666666666667, 0.1, 0.0064761904761904765, 0.10746268656716418, 0.1072463768115942], "email_open_rate": [0.7, 0.7111111111111111, 0.6875, 0.723404255319149, 0.6862745098039216, 0.6792452830188679, 0.32857142857142857]}