{
    "social_media_engagement_rate": {
        "0": 0.1933333333,
        "1": 0.19,
        "2": 0.1951388889,
        "3": 0.1888059701,
        "5": 0.1925675676,
        "7": 0.1914285714,
        "8": 0.1894366197
    },
    "paid_search_conversion_rate": {
        "0": 0.1,
        "1": 0.1,
        "2": 0.1166666667,
        "3": 0.1,
        "5": 0.0064761905,
        "7": 0.1074626866,
        "8": 0.1072463768
    },
    "email_open_rate": {
        "0": 0.7,
        "1": 0.7111111111,
        "2": 0.6875,
        "3": 0.7234042553,
        "5": 0.6862745098,
        "7": 0.679245283,
        "8": 0.3285714286
    }
}